,Age,R,DeltaR
0,2.5,1.0296069732080513,0.05008112170430548
1,7.5,1.0783065698898147,0.05510026993550233
2,12.5,1.056796352600134,0.03846325978781091
3,17.5,1.2810536913076054,0.025968434900452923
4,22.5,1.2449134858716653,0.029489688856065295
5,27.5,1.2918767495742032,0.03660552243158974
6,32.5,1.2741800921145066,0.04182702147246063
7,37.5,1.1892795400973346,0.04401430972472748
8,42.5,1.1739612727052795,0.04905232952501706
9,47.5,1.1106378390150815,0.049686807630908984
10,52.5,1.1157945807570628,0.05137373386063092
11,57.5,1.0360782948842802,0.048746135920136255
12,62.5,0.919707236508755,0.04240361047109857
13,67.5,0.9215555266539833,0.04212481113613801
14,72.5,0.9200412316273329,0.04257918179387663
15,77.5,0.888438239132885,0.04581645048715762
16,82.5,0.9738071885402964,0.06517053710104774
17,87.5,1.0119154255203275,0.108478512668313
18,92.5,1.2096699248538365,0.2535976465452874
19,97.5,1.8891087909676998,1.0486926734138777
