,Age,R,DeltaR
0,2.5,0.785224846331757,0.14759898467222218
1,7.5,1.0609720330546535,0.15042690398543637
2,12.5,0.9844236868440431,0.09326247933118464
3,17.5,1.2910074926098312,0.059500127338566244
4,22.5,1.2519173471291796,0.06861218412814551
5,27.5,1.2076116851250709,0.076260338680312
6,32.5,1.2523169094015074,0.08176112785460571
7,37.5,1.1190102775231137,0.0756701851122303
8,42.5,1.1183314660521633,0.07777944695468925
9,47.5,1.0576634696990967,0.07598457223948671
10,52.5,1.0038388913337202,0.07835158455650876
11,57.5,0.9249753747317382,0.0795831567879096
12,62.5,1.0666485231668807,0.09921044192948567
13,67.5,0.8473952799346152,0.08880667678458377
14,72.5,0.6885056432342341,0.08141703645731267
15,77.5,0.807525569419179,0.10846651613798503
16,82.5,0.8110400973743337,0.13992445045920873
17,87.5,1.2799335712931181,0.34178144451838627
18,92.5,1.302413014481813,0.6119847676563718
19,97.5,1.0,1.633758448078132
